Blue Raw:Wavelength(nm),Blue Raw:Raw,Yellow Raw:Wavelength(nm),Yellow Raw:Raw,Green Raw:Wavelength(nm),Green Raw:Raw,Chlorophyll Raw:Wavelength(nm),Chlorophyll Raw:Raw
380.60000000000002,2340.3249999999998,380.60000000000002,1285.9249999999997,380.60000000000002,1681.6833333333329,380.60000000000002,1323.4416666666666
381.5,2395.047222222222,381.5,1284.7861111111108,381.5,1706.1833333333332,381.5,1312.163888888889
382.30000000000001,2515.6583333333333,382.30000000000001,1268.2305555555556,382.30000000000001,1754.6833333333332,382.30000000000001,1307.7194444444447
383.19999999999999,2657.0472222222229,383.19999999999999,1255.2861111111113,383.19999999999999,1821.1277777777775,383.19999999999999,1325.663888888889
384.10000000000002,2810.9361111111116,384.10000000000002,1239.675,384.10000000000002,1893.4611111111108,384.10000000000002,1339.7194444444442
385,2974.1027777777781,385,1248.286111111111,385,1979.1833333333332,385,1330.497222222222
385.89999999999998,3154.3805555555555,385.89999999999998,1258.5638888888889,385.89999999999998,2069.0166666666664,385.89999999999998,1331.6083333333333
386.80000000000001,3381.047222222222,386.80000000000001,1268.5638888888889,386.80000000000001,2209.5722222222225,386.80000000000001,1335.8861111111112
387.69999999999999,3668.713888888889,387.69999999999999,1271.8972222222221,387.69999999999999,2365.0722222222221,387.69999999999999,1347.1083333333333
388.5,3976.213888888889,388.5,1267.3416666666665,388.5,2534.7388888888891,388.5,1337.5527777777777
389.39999999999998,4307.7138888888885,389.39999999999998,1277.6194444444443,389.39999999999998,2686.7388888888891,389.39999999999998,1335.5527777777779
390.30000000000001,4648.1027777777781,390.30000000000001,1283.6194444444443,390.30000000000001,2842.9611111111112,390.30000000000001,1346.8861111111112
391.19999999999999,5030.9916666666677,391.19999999999999,1289.5083333333332,391.19999999999999,3010.3499999999999,391.19999999999999,1366.9972222222223
392.10000000000002,5413.9361111111102,392.10000000000002,1280.6194444444443,392.10000000000002,3161.6833333333329,392.10000000000002,1375.7194444444442
393,5787.8249999999998,393,1278.0083333333332,393,3313.1277777777777,393,1381.2749999999999
393.89999999999998,6133.7694444444433,393.89999999999998,1282.7305555555556,393.89999999999998,3444.2388888888891,393.89999999999998,1373.5527777777777
394.69999999999999,6455.2694444444433,394.69999999999999,1288.786111111111,394.69999999999999,3583.7944444444443,394.69999999999999,1392.2194444444442
395.60000000000002,6748.9361111111102,395.60000000000002,1291.7861111111113,395.60000000000002,3718.3499999999999,395.60000000000002,1410.4972222222223
396.5,6999.8249999999998,396.5,1286.7861111111113,396.5,3850.5166666666664,396.5,1434.7749999999999
397.39999999999998,7218.5472222222224,397.39999999999998,1284.4527777777778,397.39999999999998,3962.0722222222216,397.39999999999998,1434.2194444444447
398.30000000000001,7387.4361111111111,398.30000000000001,1278.8416666666665,398.30000000000001,4059.6277777777773,398.30000000000001,1445.7194444444447
399.19999999999999,7546.7694444444451,399.19999999999999,1290.5638888888886,399.19999999999999,4153.4611111111108,399.19999999999999,1469.1083333333333
400.10000000000002,7720.6583333333328,400.10000000000002,1291.8416666666665,400.10000000000002,4253.2944444444438,400.10000000000002,1494.8861111111109
400.89999999999998,7892.6583333333328,400.89999999999998,1294.675,400.89999999999998,4353.5722222222221,400.89999999999998,1510.7194444444447
401.80000000000001,8089.2138888888885,401.80000000000001,1298.5638888888886,401.80000000000001,4468.0722222222221,401.80000000000001,1527.7194444444447
402.69999999999999,8267.936111111112,402.69999999999999,1298.675,402.69999999999999,4584.6277777777768,402.69999999999999,1554.3305555555555
403.60000000000002,8494.3805555555555,403.60000000000002,1300.0083333333332,403.60000000000002,4710.5166666666664,403.60000000000002,1575.5527777777777
404.5,8723.2138888888894,404.5,1303.4527777777776,404.5,4821.9611111111108,404.5,1605.2749999999999
405.39999999999998,8975.5472222222234,405.39999999999998,1308.4527777777776,405.39999999999998,4940.5166666666664,405.39999999999998,1628.4416666666666
406.30000000000001,9245.9916666666668,406.30000000000001,1320.5638888888889,406.30000000000001,5074.5722222222221,406.30000000000001,1661.6083333333333
407.19999999999999,9534.8249999999989,407.19999999999999,1308.3416666666665,407.19999999999999,5207.8499999999995,407.19999999999999,1682.7749999999999
408,9821.436111111112,408,1299.5638888888889,408,5335.3499999999995,408,1718.9972222222223
408.89999999999998,10089.047222222222,408.89999999999998,1289.4527777777776,408.89999999999998,5437.9611111111108,408.89999999999998,1743.497222222222
409.80000000000001,10355.43611111111,409.80000000000001,1284.8416666666665,409.80000000000001,5544.1833333333334,409.80000000000001,1772.1083333333333
410.69999999999999,10629.102777777776,410.69999999999999,1295.5638888888886,410.69999999999999,5642.905555555556,410.69999999999999,1792.5527777777777
411.60000000000002,10941.047222222222,411.60000000000002,1299.3972222222219,411.60000000000002,5743.7944444444438,411.60000000000002,1822.7194444444442
412.5,11236.824999999999,412.5,1302.2861111111108,412.5,5849.1277777777786,412.5,1851.9972222222223
413.39999999999998,11556.102777777778,413.39999999999998,1291.1194444444443,413.39999999999998,5955.5166666666664,413.39999999999998,1882.6638888888886
414.19999999999999,11847.547222222223,414.19999999999999,1282.7305555555556,414.19999999999999,6061.905555555556,414.19999999999999,1918.6638888888886
415.10000000000002,12164.380555555557,415.10000000000002,1283.0083333333332,415.10000000000002,6156.6277777777768,415.10000000000002,1940.163888888889
416,12462.713888888888,416,1285.0083333333332,416,6260.0166666666664,416,1957.2749999999999
416.89999999999998,12768.602777777778,416.89999999999998,1283.5638888888886,416.89999999999998,6352.9611111111108,416.89999999999998,1971.7749999999999
417.80000000000001,13064.991666666667,417.80000000000001,1273.3972222222219,417.80000000000001,6446.1277777777768,417.80000000000001,2000.0527777777777
418.69999999999999,13413.213888888888,418.69999999999999,1283.4527777777776,418.69999999999999,6546.4611111111108,418.69999999999999,2027.6083333333333
419.60000000000002,13732.769444444442,419.60000000000002,1285.8972222222221,419.60000000000002,6646.9611111111117,419.60000000000002,2054.3861111111109
420.39999999999998,14074.547222222222,420.39999999999998,1293.0638888888889,420.39999999999998,6737.0166666666673,420.39999999999998,2069.6083333333331
421.30000000000001,14381.380555555554,421.30000000000001,1286.8416666666665,421.30000000000001,6833.6833333333343,421.30000000000001,2083.4416666666662
422.19999999999999,14722.102777777778,422.19999999999999,1287.675,422.19999999999999,6939.905555555556,422.19999999999999,2101.1083333333336
423.10000000000002,15076.380555555554,423.10000000000002,1277.5638888888889,423.10000000000002,7060.1833333333343,423.10000000000002,2119.1083333333331
424,15409.936111111112,424,1281.5083333333332,424,7162.9055555555569,424,2150.1083333333331
424.89999999999998,15759.880555555554,424.89999999999998,1278.5638888888886,424.89999999999998,7261.5166666666673,424.89999999999998,2176.7194444444444
425.80000000000001,16084.047222222222,425.80000000000001,1295.5638888888886,425.80000000000001,7362.5166666666673,425.80000000000001,2202.4972222222223
426.60000000000002,16447.54722222222,426.60000000000002,1294.0083333333332,426.60000000000002,7467.6833333333343,426.60000000000002,2243.7194444444444
427.5,16797.602777777778,427.5,1305.2305555555556,427.5,7567.2944444444465,427.5,2276.4416666666671
428.39999999999998,17139.04722222222,428.39999999999998,1288.3972222222221,428.39999999999998,7654.6277777777796,428.39999999999998,2320.1638888888888
429.30000000000001,17435.713888888888,429.30000000000001,1295.7861111111108,429.30000000000001,7743.0166666666673,429.30000000000001,2345.9416666666662
430.19999999999999,17711.380555555555,430.19999999999999,1295.6194444444443,430.19999999999999,7814.0722222222239,430.19999999999999,2366.8861111111114
431.10000000000002,17965.658333333329,431.10000000000002,1292.4527777777776,431.10000000000002,7867.4055555555569,431.10000000000002,2400.8305555555557
432,18193.769444444446,432,1289.0638888888889,432,7920.0166666666673,432,2435.1083333333336
432.80000000000001,18406.658333333333,432.80000000000001,1270.5638888888889,432.80000000000001,7981.23888888889,432.80000000000001,2482.7194444444444
433.69999999999999,18579.547222222223,433.69999999999999,1280.5083333333332,433.69999999999999,8033.4055555555569,433.69999999999999,2514.5527777777775
434.60000000000002,18711.825000000001,434.60000000000002,1275.4527777777776,434.60000000000002,8036.0166666666673,434.60000000000002,2556.1083333333336
435.5,18799.93611111111,435.5,1294.3416666666665,435.5,8015.4055555555569,435.5,2605.5527777777775
436.39999999999998,18840.491666666665,436.39999999999998,1303.5638888888889,436.39999999999998,7987.6833333333343,436.39999999999998,2659.9416666666666
437.30000000000001,18882.04722222222,437.30000000000001,1301.7305555555556,437.30000000000001,7968.5722222222239,437.30000000000001,2712.8861111111109
438.19999999999999,18876.54722222222,438.19999999999999,1303.2305555555556,438.19999999999999,7935.1833333333343,438.19999999999999,2753.4416666666671
439,18827.04722222222,439,1294.675,439,7860.6833333333343,439,2799.1083333333336
439.89999999999998,18726.325000000001,439.89999999999998,1299.4527777777776,439.89999999999998,7779.0722222222239,439.89999999999998,2832.9416666666671
440.80000000000001,18543.047222222223,440.80000000000001,1284.4527777777776,440.80000000000001,7681.1833333333343,440.80000000000001,2868.3305555555562
441.69999999999999,18356.04722222222,441.69999999999999,1288.4527777777776,441.69999999999999,7581.7944444444447,441.69999999999999,2905.2194444444449
442.60000000000002,18110.991666666669,442.60000000000002,1269.5638888888889,442.60000000000002,7456.0166666666673,442.60000000000002,2924.3305555555562
443.5,17863.325000000001,443.5,1269.5083333333332,443.5,7342.0722222222221,443.5,2940.2194444444449
444.39999999999998,17556.491666666665,444.39999999999998,1271.0638888888889,444.39999999999998,7202.7388888888891,444.39999999999998,2951.0527777777784
445.19999999999999,17238.213888888891,445.19999999999999,1285.5083333333332,445.19999999999999,7064.5166666666673,445.19999999999999,2973.5527777777784
446.10000000000002,16940.269444444446,446.10000000000002,1289.3416666666665,446.10000000000002,6908.1833333333343,446.10000000000002,2987.4972222222227
447,16640.658333333336,447,1280.8416666666665,447,6779.1277777777796,447,2990.3861111111114
447.89999999999998,16352.213888888888,447.89999999999998,1281.2861111111108,447.89999999999998,6665.6277777777796,447.89999999999998,2999.4416666666671
448.80000000000001,16058.602777777778,448.80000000000001,1285.175,448.80000000000001,6552.0166666666673,448.80000000000001,3010.0527777777775
449.69999999999999,15809.936111111112,449.69999999999999,1303.7861111111108,449.69999999999999,6452.905555555556,449.69999999999999,3017.4416666666671
450.60000000000002,15584.936111111112,450.60000000000002,1315.3416666666665,450.60000000000002,6358.4611111111108,450.60000000000002,3029.4416666666671
451.5,15385.491666666667,451.5,1321.675,451.5,6286.6277777777768,451.5,3033.8305555555562
452.30000000000001,15179.213888888888,452.30000000000001,1307.1194444444445,452.30000000000001,6220.6277777777768,452.30000000000001,3033.6083333333336
453.19999999999999,15017.991666666667,453.19999999999999,1297.286111111111,453.19999999999999,6150.0166666666664,453.19999999999999,3021.4972222222223
454.10000000000002,14873.213888888888,454.10000000000002,1294.0083333333332,454.10000000000002,6109.1833333333334,454.10000000000002,3025.3861111111109
455,14753.713888888888,455,1294.7861111111108,455,6072.7388888888891,455,3027.4972222222223
455.89999999999998,14625.602777777776,455.89999999999998,1300.5638888888886,455.89999999999998,6042.0722222222221,455.89999999999998,3030.6638888888888
456.80000000000001,14504.713888888888,456.80000000000001,1291.675,456.80000000000001,6010.3499999999995,456.80000000000001,3044.0527777777775
457.69999999999999,14408.269444444442,457.69999999999999,1294.1194444444443,457.69999999999999,5979.9611111111108,457.69999999999999,3056.3305555555557
458.5,14357.213888888888,458.5,1294.0083333333332,458.5,5962.405555555556,458.5,3080.5527777777784
459.39999999999998,14318.991666666667,459.39999999999998,1309.1194444444443,459.39999999999998,5937.5722222222221,459.39999999999998,3079.3861111111114
460.30000000000001,14292.769444444444,460.30000000000001,1309.6194444444443,460.30000000000001,5908.3499999999995,460.30000000000001,3103.0527777777784
461.19999999999999,14242.324999999999,461.19999999999999,1296.0638888888886,461.19999999999999,5884.405555555556,461.19999999999999,3112.3305555555557
462.10000000000002,14221.102777777776,462.10000000000002,1301.7861111111108,462.10000000000002,5877.5722222222221,462.10000000000002,3138.2750000000001
463,14238.380555555554,463,1311.2305555555556,463,5889.3499999999995,463,3160.4972222222223
463.89999999999998,14234.991666666667,463.89999999999998,1319.675,463.89999999999998,5902.0166666666664,463.89999999999998,3198.9972222222223
464.69999999999999,14247.047222222223,464.69999999999999,1314.8416666666665,464.69999999999999,5905.4611111111108,464.69999999999999,3235.6083333333336
465.60000000000002,14232.269444444444,465.60000000000002,1310.5638888888889,465.60000000000002,5931.405555555556,465.60000000000002,3289.9416666666671
466.5,14284.602777777778,466.5,1315.7305555555556,466.5,5953.8499999999995,466.5,3350.9416666666671
467.39999999999998,14293.824999999999,467.39999999999998,1319.7861111111108,467.39999999999998,5989.0722222222221,467.39999999999998,3420.4416666666671
468.30000000000001,14325.436111111112,468.30000000000001,1325.8416666666665,468.30000000000001,6004.905555555556,468.30000000000001,3481.7194444444449
469.19999999999999,14304.324999999999,469.19999999999999,1322.8416666666665,469.19999999999999,6010.9611111111117,469.19999999999999,3550.6083333333336
470.10000000000002,14330.047222222222,470.10000000000002,1310.7305555555556,470.10000000000002,6014.1277777777786,470.10000000000002,3622.7750000000001
470.89999999999998,14308.880555555554,470.89999999999998,1311.8416666666665,470.89999999999998,6028.1277777777768,470.89999999999998,3709.2750000000001
471.80000000000001,14290.824999999999,471.80000000000001,1324.2861111111108,471.80000000000001,6037.0722222222221,471.80000000000001,3786.1083333333336
472.69999999999999,14216.658333333333,472.69999999999999,1322.175,472.69999999999999,6028.7944444444438,472.69999999999999,3891.3305555555562
473.60000000000002,14168.991666666667,473.60000000000002,1320.5083333333332,473.60000000000002,6013.7944444444438,473.60000000000002,3984.8305555555562
474.5,14071.991666666667,474.5,1319.0083333333332,474.5,6015.9055555555542,474.5,4088.3861111111114
475.39999999999998,14022.936111111112,475.39999999999998,1337.175,475.39999999999998,6044.1277777777768,475.39999999999998,4192.7750000000005
476.30000000000001,13936.269444444444,476.30000000000001,1331.175,476.30000000000001,6047.2944444444438,476.30000000000001,4306.7750000000005
477.10000000000002,13898.436111111112,477.10000000000002,1325.0638888888889,477.10000000000002,6049.6833333333334,477.10000000000002,4419.0527777777779
478,13795.158333333333,478,1325.3416666666665,478,6024.405555555556,478,4518.4972222222223
478.89999999999998,13715.324999999999,478.89999999999998,1334.7305555555556,478.89999999999998,6020.3499999999995,478.89999999999998,4619.8305555555553
479.80000000000001,13643.158333333333,479.80000000000001,1336.1194444444443,479.80000000000001,6027.2388888888891,479.80000000000001,4743.8305555555553
480.69999999999999,13594.213888888889,480.69999999999999,1332.5083333333332,480.69999999999999,6031.5722222222221,480.69999999999999,4876.2750000000005
481.60000000000002,13526.547222222223,481.60000000000002,1330.5083333333332,481.60000000000002,6038.5166666666664,481.60000000000002,5013.219444444444
482.5,13483.491666666667,482.5,1342.7861111111113,482.5,6054.6277777777768,482.5,5145.9972222222232
483.30000000000001,13450.880555555554,483.30000000000001,1353.7861111111113,483.30000000000001,6110.2944444444447,483.30000000000001,5290.5527777777779
484.19999999999999,13433.324999999999,484.19999999999999,1364.9527777777778,484.19999999999999,6172.1833333333334,484.19999999999999,5441.1638888888892
485.10000000000002,13375.658333333333,485.10000000000002,1372.2861111111113,485.10000000000002,6229.5166666666664,485.10000000000002,5589.2750000000005
486,13352.547222222222,486,1373.4527777777778,486,6270.9055555555542,486,5740.4416666666666
486.89999999999998,13333.491666666667,486.89999999999998,1368.1194444444445,486.89999999999998,6322.4055555555542,486.89999999999998,5907.9416666666666
487.80000000000001,13356.324999999999,487.80000000000001,1360.8972222222221,487.80000000000001,6387.0722222222221,487.80000000000001,6084.219444444444
488.69999999999999,13370.213888888889,488.69999999999999,1352.675,488.69999999999999,6465.2944444444438,488.69999999999999,6280.219444444444
489.5,13429.102777777778,489.5,1356.175,489.5,6543.3499999999995,489.5,6460.3861111111109
490.39999999999998,13509.102777777778,490.39999999999998,1362.675,490.39999999999998,6627.6833333333343,490.39999999999998,6633.2750000000005
491.30000000000001,13609.602777777778,491.30000000000001,1372.7861111111108,491.30000000000001,6721.3500000000013,491.30000000000001,6808.4972222222232
492.19999999999999,13746.713888888888,492.19999999999999,1386.1194444444443,492.19999999999999,6833.7944444444447,492.19999999999999,6999.1638888888892
493.10000000000002,13917.380555555557,493.10000000000002,1387.5638888888886,493.10000000000002,6959.73888888889,493.10000000000002,7236.4416666666666
494,14105.991666666667,494,1394.675,494,7099.1277777777796,494,7457.7750000000005
494.89999999999998,14294.491666666667,494.89999999999998,1383.7861111111108,494.89999999999998,7244.1277777777796,494.89999999999998,7708.1083333333336
495.80000000000001,14499.380555555554,495.80000000000001,1378.1194444444443,495.80000000000001,7393.73888888889,495.80000000000001,7957.8861111111109
496.60000000000002,14736.713888888888,496.60000000000002,1373.9527777777776,496.60000000000002,7559.5722222222239,496.60000000000002,8233.2194444444449
497.5,14994.158333333333,497.5,1384.7861111111108,497.5,7764.5166666666673,497.5,8516.552777777777
498.39999999999998,15257.713888888888,498.39999999999998,1399.1194444444443,498.39999999999998,7941.7944444444447,498.39999999999998,8782.8305555555544
499.30000000000001,15517.991666666667,499.30000000000001,1405.5638888888886,499.30000000000001,8141.405555555556,499.30000000000001,9069.7749999999996
500.19999999999999,15759.213888888888,500.19999999999999,1407.2861111111108,500.19999999999999,8330.6277777777796,500.19999999999999,9329.3305555555562
501.10000000000002,15997.991666666667,501.10000000000002,1411.0638888888889,501.10000000000002,8549.3500000000004,501.10000000000002,9594.2749999999996
502,16216.880555555554,502,1432.5638888888889,502,8731.0166666666682,502,9841.3305555555562
502.80000000000001,16427.491666666665,502.80000000000001,1442.8972222222221,502.80000000000001,8887.9611111111135,502.80000000000001,10074.16388888889
503.69999999999999,16580.991666666665,503.69999999999999,1459.2305555555556,503.69999999999999,9028.6833333333343,503.69999999999999,10285.497222222222
504.60000000000002,16709.880555555555,504.60000000000002,1447.2861111111113,504.60000000000002,9171.0166666666682,504.60000000000002,10471.941666666668
505.5,16837.324999999997,505.5,1457.5083333333332,505.5,9309.3500000000004,505.5,10657.441666666668
506.39999999999998,16933.658333333333,506.39999999999998,1465.9527777777778,506.39999999999998,9475.7388888888909,506.39999999999998,10828.941666666666
507.30000000000001,17026.102777777778,507.30000000000001,1485.7305555555556,507.30000000000001,9607.5722222222248,507.30000000000001,10966.330555555556
508.19999999999999,17050.93611111111,508.19999999999999,1499.9527777777776,508.19999999999999,9722.9611111111135,508.19999999999999,11083.830555555556
509,17085.269444444446,509,1509.7861111111108,509,9819.5166666666682,509,11172.941666666666
509.89999999999998,17084.825000000001,509.89999999999998,1520.2305555555552,509.89999999999998,9940.4611111111099,509.89999999999998,11249.66388888889
510.80000000000001,17041.769444444442,510.80000000000001,1548.8416666666665,510.80000000000001,10052.85,510.80000000000001,11308.052777777777
511.69999999999999,16972.43611111111,511.69999999999999,1574.7305555555556,511.69999999999999,10145.461111111113,511.69999999999999,11357.163888888887
512.5,16874.213888888888,512.5,1610.5083333333332,512.5,10203.35,512.5,11393.608333333332
513.29999999999995,16800.713888888891,513.29999999999995,1628.7861111111113,513.29999999999995,10270.516666666668,513.29999999999995,11405.552777777777
514.10000000000002,16693.325000000001,514.10000000000002,1657.675,514.10000000000002,10336.072222222223,514.10000000000002,11415.997222222222
514.89999999999998,16549.602777777774,514.89999999999998,1699.0638888888886,514.89999999999998,10418.85,514.89999999999998,11365.941666666666
515.70000000000005,16379.824999999997,515.70000000000005,1751.175,515.70000000000005,10507.016666666668,515.70000000000005,11345.941666666666
516.5,16252.047222222222,516.5,1811.8972222222219,516.5,10574.572222222223,516.5,11301.163888888887
517.29999999999995,16127.380555555554,517.29999999999995,1882.3972222222219,517.29999999999995,10646.85,517.29999999999995,11307.608333333332
518.10000000000002,15982.658333333333,518.10000000000002,1960.2305555555552,518.10000000000002,10720.905555555555,518.10000000000002,11256.163888888887
518.89999999999998,15756.213888888888,518.89999999999998,2035.0638888888886,518.89999999999998,10788.461111111113,518.89999999999998,11175.275
519.70000000000005,15528.713888888888,519.70000000000005,2122.1749999999997,519.70000000000005,10866.016666666668,519.70000000000005,11087.330555555554
520.5,15297.436111111108,520.5,2244.5083333333332,520.5,10902.12777777778,520.5,10991.719444444441
521.29999999999995,15075.158333333333,521.29999999999995,2397.952777777778,521.29999999999995,10956.294444444446,521.29999999999995,10904.386111111111
522.10000000000002,14830.769444444444,522.10000000000002,2565.6194444444445,522.10000000000002,10950.016666666668,522.10000000000002,10797.275000000001
522.89999999999998,14561.324999999999,522.89999999999998,2726.5638888888893,522.89999999999998,10967.961111111113,522.89999999999998,10678.441666666668
523.70000000000005,14246.269444444444,523.70000000000005,2901.286111111111,523.70000000000005,10924.35,523.70000000000005,10545.163888888888
524.5,13890.991666666667,524.5,3089.619444444445,524.5,10869.683333333334,524.5,10383.497222222222
525.29999999999995,13533.936111111108,525.29999999999995,3281.8972222222224,525.29999999999995,10774.016666666668,525.29999999999995,10195.275
526.10000000000002,13179.936111111108,526.10000000000002,3491.7861111111119,526.10000000000002,10687.905555555555,526.10000000000002,9998.9972222222223
526.89999999999998,12865.436111111112,526.89999999999998,3710.6750000000006,526.89999999999998,10604.627777777778,526.89999999999998,9801.3305555555562
527.70000000000005,12555.380555555554,527.70000000000005,3952.1750000000006,527.70000000000005,10524.683333333334,527.70000000000005,9625.7194444444449
528.5,12229.213888888888,528.5,4214.8416666666672,528.5,10452.572222222225,528.5,9473.9972222222223
529.29999999999995,11895.936111111108,529.29999999999995,4485.5638888888898,529.29999999999995,10369.183333333334,529.29999999999995,9312.6083333333336
530.10000000000002,11554.047222222222,530.10000000000002,4764.5638888888898,530.10000000000002,10246.405555555557,530.10000000000002,9141.1083333333336
530.79999999999995,11259.380555555554,530.79999999999995,5054.8972222222228,530.79999999999995,10116.183333333334,530.79999999999995,8984.1083333333336
531.60000000000002,10968.658333333333,531.60000000000002,5336.8416666666672,531.60000000000002,9992.8500000000004,531.60000000000002,8840.9416666666675
532.39999999999998,10700.213888888888,532.39999999999998,5646.1194444444445,532.39999999999998,9890.5166666666682,532.39999999999998,8723.6083333333336
533.20000000000005,10431.213888888888,533.20000000000005,5914.3972222222228,533.20000000000005,9758.5722222222248,533.20000000000005,8568.6638888888901
534,10163.658333333333,534,6189.0083333333341,534,9635.9055555555587,534,8431.4972222222223
534.79999999999995,9878.436111111112,534.79999999999995,6449.8416666666672,534.79999999999995,9485.4055555555569,534.79999999999995,8256.9416666666657
535.60000000000002,9600.6583333333328,535.60000000000002,6719.6194444444445,535.60000000000002,9341.2388888888909,535.60000000000002,8136.6638888888883
536.39999999999998,9359.8805555555555,536.39999999999998,6987.8416666666672,536.39999999999998,9185.2944444444456,536.39999999999998,8003.4416666666666
537.20000000000005,9159.2694444444442,537.20000000000005,7228.8972222222228,537.20000000000005,9057.8500000000004,537.20000000000005,7918.719444444444
538,8954.936111111112,538,7464.1194444444454,538,8934.0166666666682,538,7819.3861111111109
538.79999999999995,8756.0472222222234,538.79999999999995,7698.8416666666672,538.79999999999995,8793.4611111111135,538.79999999999995,7742.5527777777779
539.60000000000002,8545.9916666666668,539.60000000000002,7942.7861111111124,539.60000000000002,8671.2388888888909,539.60000000000002,7676.4972222222232
540.39999999999998,8362.5472222222215,540.39999999999998,8174.7861111111124,540.39999999999998,8562.1277777777796,540.39999999999998,7618.1638888888883
541.20000000000005,8176.8250000000007,541.20000000000005,8386.6750000000011,541.20000000000005,8448.4611111111135,541.20000000000005,7570.6083333333336
542,8008.8805555555555,542,8586.9527777777785,542,8332.4055555555587,542,7534.9972222222232
542.79999999999995,7875.0472222222224,542.79999999999995,8812.0638888888898,542.79999999999995,8214.1277777777796,542.79999999999995,7506.3305555555562
543.60000000000002,7733.7138888888885,543.60000000000002,9020.5083333333332,543.60000000000002,8142.2944444444447,543.60000000000002,7491.3305555555562
544.39999999999998,7626.6583333333328,544.39999999999998,9227.3972222222219,544.39999999999998,8056.9055555555569,544.39999999999998,7486.9416666666666
545.20000000000005,7500.5472222222224,545.20000000000005,9429.6194444444427,545.20000000000005,7992.23888888889,545.20000000000005,7506.7194444444458
546,7426.1027777777772,546,9675.8416666666672,546,7927.5166666666673,546,7527.3305555555562
546.79999999999995,7346.8805555555555,546.79999999999995,9936.563888888888,546.79999999999995,7894.8500000000013,546.79999999999995,7569.7194444444458
547.60000000000002,7311.0472222222224,547.60000000000002,10212.952777777778,547.60000000000002,7890.8500000000013,547.60000000000002,7616.3305555555562
548.39999999999998,7260.9916666666659,548.39999999999998,10503.786111111112,548.39999999999998,7898.5166666666673,548.39999999999998,7708.2750000000005
549.20000000000005,7237.7694444444451,549.20000000000005,10830.619444444445,549.20000000000005,7919.5166666666673,549.20000000000005,7806.7750000000005
549.89999999999998,7234.2694444444451,549.89999999999998,11190.008333333333,549.89999999999998,7936.5722222222239,549.89999999999998,7945.4416666666666
550.70000000000005,7230.8805555555555,550.70000000000005,11539.452777777777,550.70000000000005,7966.4611111111117,550.70000000000005,8064.2750000000005
551.5,7240.9916666666659,551.5,11907.674999999997,551.5,8026.1277777777786,551.5,8232.2749999999996
552.29999999999995,7222.9361111111102,552.29999999999995,12292.89722222222,552.29999999999995,8080.6277777777786,552.29999999999995,8391.4416666666675
553.10000000000002,7238.3249999999998,553.10000000000002,12685.452777777775,553.10000000000002,8134.1277777777786,553.10000000000002,8583.8861111111109
553.89999999999998,7223.2138888888885,553.89999999999998,13058.39722222222,553.89999999999998,8160.2944444444447,553.89999999999998,8751.052777777777
554.70000000000005,7213.9361111111111,554.70000000000005,13413.008333333331,554.70000000000005,8182.1833333333343,554.70000000000005,8902.3305555555562
555.5,7164.2694444444451,555.5,13739.452777777777,555.5,8188.1277777777786,555.5,9041.2194444444449
556.29999999999995,7097.6583333333328,556.29999999999995,14012.286111111111,556.29999999999995,8167.4611111111126,556.29999999999995,9152.8305555555562
557.10000000000002,7025.5472222222224,557.10000000000002,14289.674999999997,557.10000000000002,8146.5722222222239,557.10000000000002,9291.2194444444449
557.89999999999998,6953.7694444444433,557.89999999999998,14601.619444444443,557.89999999999998,8101.8500000000013,557.89999999999998,9423.3305555555562
558.70000000000005,6903.6027777777772,558.70000000000005,14926.508333333331,558.70000000000005,8056.5166666666673,558.70000000000005,9570.3861111111109
559.5,6828.2694444444433,559.5,15183.119444444443,559.5,7986.0166666666673,559.5,9685.552777777777
560.29999999999995,6746.2694444444433,560.29999999999995,15423.39722222222,560.29999999999995,7907.73888888889,560.29999999999995,9806.9972222222223
561.10000000000002,6640.8249999999998,561.10000000000002,15678.119444444443,561.10000000000002,7814.0722222222239,561.10000000000002,9929.3861111111109
561.89999999999998,6522.2694444444433,561.89999999999998,15937.286111111111,561.89999999999998,7721.6833333333343,561.89999999999998,10051.552777777779
562.70000000000005,6407.6583333333328,562.70000000000005,16153.563888888888,562.70000000000005,7634.9611111111126,562.70000000000005,10129.497222222222
563.5,6299.4361111111111,563.5,16350.230555555556,563.5,7540.1277777777796,563.5,10191.386111111113
564.29999999999995,6182.2694444444451,564.29999999999995,16565.008333333331,564.29999999999995,7467.4055555555569,564.29999999999995,10284.386111111113
565.10000000000002,6051.5472222222224,565.10000000000002,16774.730555555554,565.10000000000002,7365.1277777777796,565.10000000000002,10382.830555555556
565.89999999999998,5909.6027777777772,565.89999999999998,16927.897222222222,565.89999999999998,7236.7944444444465,565.89999999999998,10437.108333333332
566.70000000000005,5767.4361111111102,566.70000000000005,17028.452777777773,566.70000000000005,7084.1277777777796,566.70000000000005,10454.330555555556
567.5,5636.8805555555555,567.5,17148.952777777773,567.5,6946.7944444444465,567.5,10490.830555555556
568.29999999999995,5488.2694444444451,568.29999999999995,17271.06388888889,568.29999999999995,6823.4611111111126,568.29999999999995,10537.66388888889
569,5337.8249999999998,569,17347.786111111109,569,6667.0722222222221,569,10541.108333333334
569.79999999999995,5180.2138888888894,569.79999999999995,17368.508333333331,569.79999999999995,6496.405555555556,569.79999999999995,10514.997222222222
570.60000000000002,5012.0472222222224,570.60000000000002,17385.563888888883,570.60000000000002,6327.5722222222212,570.60000000000002,10472.219444444445
571.39999999999998,4853.6583333333338,571.39999999999998,17388.452777777773,571.39999999999998,6160.0722222222221,571.39999999999998,10427.997222222222
572.20000000000005,4680.2138888888885,572.20000000000005,17365.619444444441,572.20000000000005,5995.9055555555542,572.20000000000005,10361.441666666668
573,4521.0472222222224,573,17315.841666666664,573,5831.8499999999995,573,10299.941666666668
573.79999999999995,4370.3250000000007,573.79999999999995,17284.841666666664,573.79999999999995,5673.405555555556,573.79999999999995,10260.552777777777
574.60000000000002,4232.1583333333338,574.60000000000002,17253.897222222222,574.60000000000002,5514.1833333333334,574.60000000000002,10216.108333333332
575.39999999999998,4091.5472222222229,575.39999999999998,17166.45277777778,575.39999999999998,5347.4611111111108,575.39999999999998,10152.219444444445
576.20000000000005,3937.7694444444446,576.20000000000005,17037.897222222222,576.20000000000005,5178.9611111111117,576.20000000000005,10054.108333333335
577,3801.3805555555555,577,16914.674999999999,577,5024.2944444444447,577,9965.552777777777
577.79999999999995,3668.7694444444446,577.79999999999995,16795.73055555555,577.79999999999995,4873.7944444444447,577.79999999999995,9884.7749999999996
578.60000000000002,3565.047222222222,578.60000000000002,16703.286111111109,578.60000000000002,4735.1277777777786,578.60000000000002,9795.7194444444449
579.39999999999998,3440.6027777777776,579.39999999999998,16532.119444444445,579.39999999999998,4580.0166666666664,579.39999999999998,9683.6083333333318
580.20000000000005,3356.2694444444446,580.20000000000005,16433.286111111109,580.20000000000005,4449.0166666666664,580.20000000000005,9590.7194444444449
581,3254.6583333333333,581,16300.008333333331,581,4325.9611111111108,581,9523.3305555555562
581.79999999999995,3170.4361111111116,581.79999999999995,16198.786111111111,581.79999999999995,4216.7944444444438,581.79999999999995,9474.6083333333354
582.60000000000002,3082.5472222222229,582.60000000000002,16059.119444444443,582.60000000000002,4098.6277777777768,582.60000000000002,9380.1083333333318
583.39999999999998,2991.1583333333333,583.39999999999998,15900.063888888886,583.39999999999998,3982.5166666666664,583.39999999999998,9268.8305555555562
584.20000000000005,2905.1027777777781,584.20000000000005,15805.174999999997,584.20000000000005,3883.0722222222216,584.20000000000005,9179.4972222222223
585,2817.1027777777781,585,15728.39722222222,585,3782.5166666666664,585,9140.1083333333318
585.79999999999995,2751.3250000000003,585.79999999999995,15688.952777777777,585.79999999999995,3684.8499999999999,585.79999999999995,9096.7194444444449
586.60000000000002,2685.1583333333333,586.60000000000002,15590.897222222222,586.60000000000002,3586.4055555555551,586.60000000000002,9040.7194444444449
587.39999999999998,2616.2694444444446,587.39999999999998,15477.008333333331,587.39999999999998,3499.9055555555551,587.39999999999998,8990.9972222222223
588.10000000000002,2550.9916666666668,588.10000000000002,15400.508333333331,588.10000000000002,3427.7944444444443,588.10000000000002,8965.2749999999996
588.89999999999998,2484.1027777777776,588.89999999999998,15367.286111111111,588.89999999999998,3354.1277777777777,588.89999999999998,8948.3305555555562
589.60000000000002,2420.047222222222,589.60000000000002,15357.452777777777,589.60000000000002,3288.0166666666664,589.60000000000002,8903.552777777777
590.29999999999995,2347.8805555555555,590.29999999999995,15336.952777777777,590.29999999999995,3218.1277777777773,590.29999999999995,8867.1083333333336
591.10000000000002,2286.047222222222,591.10000000000002,15322.397222222222,591.10000000000002,3156.9055555555551,591.10000000000002,8846.7749999999996
591.79999999999995,2247.2694444444442,591.79999999999995,15311.063888888888,591.79999999999995,3103.8499999999999,591.79999999999995,8837.1638888888901
592.60000000000002,2208.1027777777776,592.60000000000002,15293.452777777777,592.60000000000002,3035.9055555555556,592.60000000000002,8840.7750000000015
593.29999999999995,2173.8250000000003,593.29999999999995,15321.452777777777,593.29999999999995,2977.2944444444443,593.29999999999995,8850.8861111111109
594,2124.2138888888894,594,15351.452777777777,594,2912.1833333333329,594,8902.9416666666675
594.79999999999995,2077.6027777777781,594.79999999999995,15417.897222222222,594.79999999999995,2875.6277777777773,594.79999999999995,8951.552777777777
595.5,2025.6027777777779,595.5,15477.286111111111,595.5,2807.8499999999999,595.5,8988.8305555555544
596.29999999999995,1979.7694444444444,596.29999999999995,15521.008333333331,596.29999999999995,2743.4611111111112,596.29999999999995,9015.9972222222223
597,1936.4361111111111,597,15569.452777777775,597,2671.0722222222221,597,9042.9416666666675
597.70000000000005,1893.6027777777779,597.70000000000005,15597.174999999997,597.70000000000005,2616.4055555555556,597.70000000000005,9072.9972222222223
598.5,1844.325,598.5,15708.008333333331,598.5,2571.0722222222225,598.5,9115.9416666666657
599.20000000000005,1815.9916666666668,599.20000000000005,15833.841666666665,599.20000000000005,2513.2388888888886,599.20000000000005,9167.2749999999996
600,1785.9916666666668,600,15924.452777777775,600,2448.5722222222225,600,9223.4416666666675
600.70000000000005,1757.2138888888892,600.70000000000005,15994.786111111107,600.70000000000005,2362.0166666666664,600.70000000000005,9248.7194444444449
601.5,1720.6027777777779,601.5,16067.286111111107,601.5,2284.2388888888886,601.5,9276.7194444444449
602.20000000000005,1694.6583333333335,602.20000000000005,16191.952777777775,602.20000000000005,2211.5166666666664,602.20000000000005,9302.2194444444449
602.89999999999998,1657.8805555555555,602.89999999999998,16296.619444444441,602.89999999999998,2146.7388888888886,602.89999999999998,9354.3305555555544
603.70000000000005,1621.7138888888887,603.70000000000005,16369.174999999997,603.70000000000005,2089.1833333333329,603.70000000000005,9388.9416666666657
604.39999999999998,1580.5472222222222,604.39999999999998,16456.563888888883,604.39999999999998,2036.2388888888888,604.39999999999998,9433.2750000000015
605.20000000000005,1561.4916666666668,605.20000000000005,16559.230555555554,605.20000000000005,1985.8499999999997,605.20000000000005,9466.3305555555562
605.89999999999998,1527.825,605.89999999999998,16654.619444444441,605.89999999999998,1921.7388888888888,605.89999999999998,9509.7194444444449
606.60000000000002,1513.3805555555557,606.60000000000002,16729.452777777773,606.60000000000002,1866.5166666666664,606.60000000000002,9549.9416666666657
607.39999999999998,1485.4361111111111,607.39999999999998,16805.674999999999,607.39999999999998,1820.6833333333332,607.39999999999998,9582.1638888888901
608.10000000000002,1479.3805555555557,608.10000000000002,16927.174999999999,608.10000000000002,1783.0722222222221,608.10000000000002,9623.3861111111109
608.89999999999998,1454.7138888888892,608.89999999999998,17036.897222222222,608.89999999999998,1740.3499999999997,608.89999999999998,9636.9416666666675
609.60000000000002,1435.6027777777781,609.60000000000002,17190.174999999999,609.60000000000002,1686.3499999999997,609.60000000000002,9679.7194444444449
610.29999999999995,1423.7138888888892,610.29999999999995,17333.06388888889,610.29999999999995,1644.1277777777777,610.29999999999995,9733.4416666666657
611.10000000000002,1400.1583333333335,611.10000000000002,17512.008333333331,611.10000000000002,1609.961111111111,611.10000000000002,9802.4416666666675
611.79999999999995,1384.6027777777779,611.79999999999995,17615.841666666664,611.79999999999995,1585.961111111111,611.79999999999995,9861.9972222222223
612.60000000000002,1376.825,612.60000000000002,17752.786111111109,612.60000000000002,1555.6833333333334,612.60000000000002,9911.1083333333354
613.29999999999995,1366.7138888888887,613.29999999999995,17930.174999999999,613.29999999999995,1525.9055555555558,613.29999999999995,9996.3861111111109
614,1366.9361111111111,614,18145.397222222222,614,1509.9611111111114,614,10097.219444444445
614.79999999999995,1353.3805555555555,614.79999999999995,18352.286111111112,614.79999999999995,1494.5166666666667,614.79999999999995,10203.330555555556
615.5,1349.9916666666668,615.5,18505.56388888889,615.5,1484.1277777777777,615.5,10270.830555555556
616.29999999999995,1354.2138888888892,616.29999999999995,18675.508333333331,616.29999999999995,1468.4055555555558,616.29999999999995,10320.608333333335
617,1336.0472222222222,617,18851.286111111109,617,1461.7388888888888,617,10405.052777777777
617.70000000000005,1342.0472222222222,617.70000000000005,19082.897222222222,617.70000000000005,1460.961111111111,617.70000000000005,10547.830555555556
618.5,1327.4361111111111,618.5,19322.230555555554,618.5,1433.8500000000001,618.5,10684.386111111111
619.20000000000005,1331.6027777777779,619.20000000000005,19547.06388888889,619.20000000000005,1416.0722222222223,619.20000000000005,10788.997222222222
620,1323.9916666666666,620,19721.619444444441,620,1384.5722222222223,620,10858.386111111111
620.70000000000005,1325.8249999999998,620.70000000000005,19870.897222222218,620.70000000000005,1399.1277777777777,620.70000000000005,10927.330555555556
621.39999999999998,1316.325,621.39999999999998,19982.619444444441,621.39999999999998,1397.461111111111,621.39999999999998,11005.66388888889
622.20000000000005,1305.6583333333333,622.20000000000005,20136.619444444441,622.20000000000005,1401.961111111111,622.20000000000005,11102.997222222222
622.89999999999998,1308.1583333333331,622.89999999999998,20252.008333333331,622.89999999999998,1381.3500000000001,622.89999999999998,11198.66388888889
623.70000000000005,1312.2694444444444,623.70000000000005,20355.008333333331,623.70000000000005,1376.0166666666667,623.70000000000005,11268.719444444445
624.39999999999998,1316.6027777777779,624.39999999999998,20421.619444444445,624.39999999999998,1382.7944444444445,624.39999999999998,11321.052777777777
625.20000000000005,1308.213888888889,625.20000000000005,20475.008333333331,625.20000000000005,1377.3500000000001,625.20000000000005,11381.608333333332
625.89999999999998,1314.5472222222222,625.89999999999998,20575.841666666664,625.89999999999998,1364.1833333333334,625.89999999999998,11407.441666666666
626.60000000000002,1321.9916666666668,626.60000000000002,20620.897222222222,626.60000000000002,1351.7388888888891,626.60000000000002,11424.775
627.39999999999998,1319.8805555555555,627.39999999999998,20682.897222222222,627.39999999999998,1366.4055555555558,627.39999999999998,11435.775
628.10000000000002,1305.6027777777779,628.10000000000002,20679.786111111109,628.10000000000002,1370.5166666666667,628.10000000000002,11481.163888888887
628.89999999999998,1306.3805555555555,628.89999999999998,20680.786111111109,628.89999999999998,1375.5722222222223,628.89999999999998,11513.275
629.60000000000002,1306.825,629.60000000000002,20654.397222222218,629.60000000000002,1372.0722222222223,629.60000000000002,11514.49722222222
630.29999999999995,1316.2694444444444,630.29999999999995,20604.174999999999,630.29999999999995,1377.8500000000001,630.29999999999995,11492.830555555554
631.10000000000002,1319.6027777777779,631.10000000000002,20541.619444444445,631.10000000000002,1373.5722222222223,631.10000000000002,11432.941666666666
631.79999999999995,1328.3805555555555,631.79999999999995,20468.508333333331,631.79999999999995,1373.961111111111,631.79999999999995,11378.219444444441
632.60000000000002,1336.2138888888887,632.60000000000002,20379.341666666664,632.60000000000002,1378.961111111111,632.60000000000002,11310.49722222222
633.29999999999995,1340.8805555555555,633.29999999999995,20259.008333333331,633.29999999999995,1377.2388888888891,633.29999999999995,11268.275
634,1332.6583333333335,634,20105.008333333331,634,1390.961111111111,634,11175.886111111111
634.79999999999995,1341.9916666666668,634.79999999999995,19989.119444444445,634.79999999999995,1393.627777777778,634.79999999999995,11079.66388888889
635.5,1349.7694444444444,635.5,19879.008333333331,635.5,1407.4055555555558,635.5,10977.719444444445
636.29999999999995,1363.9361111111111,636.29999999999995,19808.341666666664,636.29999999999995,1403.7944444444447,636.29999999999995,10903.052777777777
637,1353.8805555555557,637,19676.952777777773,637,1417.8500000000001,637,10815.608333333332
637.70000000000005,1354.6027777777779,637.70000000000005,19577.286111111109,637.70000000000005,1441.6833333333334,637.70000000000005,10707.552777777777
638.5,1354.9361111111111,638.5,19441.730555555554,638.5,1471.8500000000001,638.5,10573.608333333335
639.20000000000005,1361.7694444444444,639.20000000000005,19362.841666666664,639.20000000000005,1493.0166666666667,639.20000000000005,10447.997222222222
640,1368.3805555555557,640,19243.45277777778,640,1501.0722222222223,640,10292.219444444445
640.70000000000005,1389.8805555555555,640.70000000000005,19132.619444444445,640.70000000000005,1509.8500000000001,640.70000000000005,10163.608333333334
641.39999999999998,1402.8805555555557,641.39999999999998,19023.619444444445,641.39999999999998,1538.4611111111114,641.39999999999998,10008.608333333334
642.20000000000005,1418.2694444444444,642.20000000000005,18912.45277777778,642.20000000000005,1576.5722222222223,642.20000000000005,9849.9972222222223
642.89999999999998,1426.0472222222224,642.89999999999998,18827.56388888889,642.89999999999998,1616.5166666666667,642.89999999999998,9688.7194444444449
643.70000000000005,1462.7138888888892,643.70000000000005,18740.119444444441,643.70000000000005,1656.9055555555553,643.70000000000005,9532.2749999999996
644.39999999999998,1488.9916666666668,644.39999999999998,18656.952777777773,644.39999999999998,1717.9055555555553,644.39999999999998,9389.3861111111109
645.10000000000002,1526.2694444444448,645.10000000000002,18560.230555555554,645.10000000000002,1790.0722222222221,645.10000000000002,9189.6638888888883
645.89999999999998,1553.8805555555557,645.89999999999998,18415.674999999999,645.89999999999998,1865.9055555555553,645.89999999999998,9011.9416666666675
646.60000000000002,1592.2694444444444,646.60000000000002,18260.786111111109,646.60000000000002,1944.8499999999997,646.60000000000002,8825.1638888888901
647.39999999999998,1638.6027777777779,647.39999999999998,18129.674999999999,647.39999999999998,2043.9055555555551,647.39999999999998,8641.1638888888883
648.10000000000002,1694.1027777777779,648.10000000000002,18019.73055555555,648.10000000000002,2176.7388888888886,648.10000000000002,8438.8861111111109
648.79999999999995,1764.825,648.79999999999995,17936.563888888886,648.79999999999995,2318.9611111111103,648.79999999999995,8255.7194444444449
649.60000000000002,1855.4361111111111,649.60000000000002,17849.063888888883,649.60000000000002,2483.4055555555551,649.60000000000002,8107.9972222222214
650.29999999999995,1968.825,650.29999999999995,17798.563888888883,650.29999999999995,2659.2944444444438,650.29999999999995,7954.3861111111109
651.10000000000002,2087.2694444444446,651.10000000000002,17776.230555555554,651.10000000000002,2852.0722222222216,651.10000000000002,7816.1083333333336
651.79999999999995,2231.6027777777781,651.79999999999995,17735.063888888883,651.79999999999995,3048.9055555555551,651.79999999999995,7668.4972222222232
652.60000000000002,2383.6583333333333,652.60000000000002,17645.786111111109,652.60000000000002,3237.0722222222216,652.60000000000002,7516.3305555555553
653.29999999999995,2558.6027777777781,653.29999999999995,17562.897222222218,653.29999999999995,3449.4055555555551,653.29999999999995,7340.0527777777779
654,2745.9361111111116,654,17519.619444444441,654,3682.6277777777773,654,7190.9416666666666
654.79999999999995,2962.9361111111116,654.79999999999995,17488.563888888883,654.79999999999995,3962.2388888888886,654.79999999999995,7034.9416666666666
655.5,3181.7694444444446,655.5,17430.397222222218,655.5,4232.1833333333334,655.5,6863.9972222222232
656.29999999999995,3414.7694444444446,656.29999999999995,17329.230555555554,656.29999999999995,4535.4055555555542,656.29999999999995,6682.9972222222232
657,3640.1027777777781,657,17272.341666666664,657,4833.8499999999995,657,6520.0527777777779
657.70000000000005,3916.6027777777781,657.70000000000005,17235.06388888889,657.70000000000005,5165.9055555555551,657.70000000000005,6361.9416666666666
658.5,4201.9361111111111,658.5,17248.674999999999,658.5,5494.4611111111108,658.5,6205.3305555555553
659.20000000000005,4526.7138888888885,659.20000000000005,17221.23055555555,659.20000000000005,5848.5722222222221,659.20000000000005,6058.219444444444
660,4845.1027777777781,660,17258.452777777773,660,6215.5722222222221,660,5919.6638888888892
660.70000000000005,5186.7694444444451,660.70000000000005,17247.230555555554,660.70000000000005,6581.9611111111117,660.70000000000005,5780.5527777777779
661.39999999999998,5539.1583333333328,661.39999999999998,17319.286111111109,661.39999999999998,6953.905555555556,661.39999999999998,5646.9972222222232
662.20000000000005,5898.8805555555555,662.20000000000005,17334.174999999999,662.20000000000005,7327.7944444444447,662.20000000000005,5544.3305555555562
662.89999999999998,6269.3249999999998,662.89999999999998,17397.563888888883,662.89999999999998,7736.7944444444447,662.89999999999998,5472.0527777777788
663.70000000000005,6630.1027777777772,663.70000000000005,17445.786111111109,663.70000000000005,8142.1277777777796,663.70000000000005,5407.4416666666666
664.39999999999998,7025.6027777777772,664.39999999999998,17512.230555555554,664.39999999999998,8575.3500000000004,664.39999999999998,5378.1083333333336
665.10000000000002,7413.3805555555546,665.10000000000002,17582.119444444445,665.10000000000002,8991.5166666666682,665.10000000000002,5351.8305555555562
665.89999999999998,7835.5472222222206,665.89999999999998,17653.119444444445,665.89999999999998,9446.1277777777777,665.89999999999998,5372.9416666666666
666.60000000000002,8266.2138888888876,666.60000000000002,17787.119444444445,666.60000000000002,9929.0166666666682,666.60000000000002,5412.4972222222214
667.39999999999998,8717.5472222222234,667.39999999999998,17881.56388888889,667.39999999999998,10363.683333333334,667.39999999999998,5477.6638888888883
668.10000000000002,9175.8249999999989,668.10000000000002,18031.56388888889,668.10000000000002,10784.961111111113,668.10000000000002,5589.3861111111109
668.89999999999998,9607.0472222222215,668.89999999999998,18085.897222222222,668.89999999999998,11180.85,668.89999999999998,5707.4416666666666
669.60000000000002,10042.658333333333,669.60000000000002,18235.174999999999,669.60000000000002,11647.62777777778,669.60000000000002,5886.4416666666666
670.39999999999998,10462.213888888888,670.39999999999998,18352.786111111109,670.39999999999998,12046.85,670.39999999999998,6079.1083333333336
671.10000000000002,10892.769444444442,671.10000000000002,18512.45277777778,671.10000000000002,12474.905555555555,671.10000000000002,6315.9972222222232
671.89999999999998,11323.158333333333,671.89999999999998,18633.286111111112,671.89999999999998,12887.35,671.89999999999998,6554.6638888888892
672.60000000000002,11770.102777777778,672.60000000000002,18782.452777777777,672.60000000000002,13364.016666666668,672.60000000000002,6823.4972222222232
673.39999999999998,12210.213888888888,673.39999999999998,18927.174999999999,673.39999999999998,13795.85,673.39999999999998,7142.6083333333336
674.10000000000002,12650.047222222223,674.10000000000002,19122.563888888883,674.10000000000002,14210.46111111111,674.10000000000002,7529.0527777777788
674.89999999999998,13056.047222222223,674.89999999999998,19233.841666666664,674.89999999999998,14573.516666666668,674.89999999999998,7922.6083333333345
675.60000000000002,13450.269444444444,675.60000000000002,19339.786111111109,675.60000000000002,14931.905555555559,675.60000000000002,8336.2194444444449
676.39999999999998,13801.324999999999,676.39999999999998,19430.119444444441,676.39999999999998,15275.405555555559,676.39999999999998,8758.6638888888901
677.10000000000002,14150.880555555554,677.10000000000002,19572.230555555554,677.10000000000002,15658.572222222225,677.10000000000002,9226.9416666666675
677.89999999999998,14480.269444444444,677.89999999999998,19680.230555555554,677.89999999999998,15990.016666666668,677.89999999999998,9684.8305555555544
678.60000000000002,14857.047222222223,678.60000000000002,19813.119444444445,678.60000000000002,16349.072222222225,678.60000000000002,10147.608333333332
679.39999999999998,15240.991666666667,679.39999999999998,20017.619444444445,679.39999999999998,16699.62777777778,679.39999999999998,10643.775000000001
680.10000000000002,15658.491666666667,680.10000000000002,20254.56388888889,680.10000000000002,17080.294444444447,680.10000000000002,11152.275
680.89999999999998,16013.713888888888,680.89999999999998,20456.674999999999,680.89999999999998,17426.183333333334,680.89999999999998,11643.163888888887
681.60000000000002,16333.658333333335,681.60000000000002,20540.619444444441,681.60000000000002,17718.405555555557,681.60000000000002,12077.219444444441
682.39999999999998,16660.602777777778,682.39999999999998,20657.063888888883,682.39999999999998,18006.405555555557,682.39999999999998,12503.330555555554
683.10000000000002,16985.43611111111,683.10000000000002,20754.619444444441,683.10000000000002,18320.405555555557,683.10000000000002,12913.719444444445
683.89999999999998,17321.491666666669,683.89999999999998,20929.897222222218,683.89999999999998,18611.238888888893,683.89999999999998,13280.441666666666
684.60000000000002,17567.658333333329,684.60000000000002,21073.841666666664,684.60000000000002,18890.572222222225,684.60000000000002,13625.886111111111
685.39999999999998,17868.880555555555,685.39999999999998,21234.56388888889,685.39999999999998,19141.850000000002,685.39999999999998,13936.663888888887
686.10000000000002,18132.54722222222,686.10000000000002,21364.06388888889,686.10000000000002,19433.405555555557,686.10000000000002,14291.99722222222
686.89999999999998,18468.602777777778,686.89999999999998,21532.452777777773,686.89999999999998,19719.794444444444,686.89999999999998,14604.775
687.60000000000002,18759.713888888888,687.60000000000002,21677.786111111109,687.60000000000002,19996.238888888889,687.60000000000002,14924.552777777775
688.39999999999998,19070.769444444442,688.39999999999998,21872.674999999999,688.39999999999998,20286.738888888885,688.39999999999998,15204.108333333332
689.10000000000002,19355.602777777778,689.10000000000002,22037.397222222222,689.10000000000002,20543.516666666666,689.10000000000002,15479.941666666666
689.89999999999998,19622.880555555555,689.89999999999998,22234.952777777773,689.89999999999998,20805.405555555557,689.89999999999998,15744.941666666666
690.60000000000002,19864.54722222222,690.60000000000002,22351.174999999999,690.60000000000002,21047.738888888893,690.60000000000002,15975.330555555554
691.39999999999998,20106.93611111111,691.39999999999998,22499.56388888889,691.39999999999998,21293.016666666666,691.39999999999998,16193.219444444441
692.10000000000002,20341.713888888888,692.10000000000002,22588.174999999999,692.10000000000002,21491.461111111112,692.10000000000002,16370.608333333332
692.89999999999998,20551.93611111111,692.89999999999998,22710.06388888889,692.89999999999998,21670.016666666666,692.89999999999998,16525.441666666666
693.60000000000002,20727.102777777778,693.60000000000002,22801.897222222222,693.60000000000002,21850.461111111112,693.60000000000002,16689.663888888888
694.39999999999998,20978.491666666669,694.39999999999998,22983.119444444441,694.39999999999998,22089.461111111112,694.39999999999998,16882.163888888888
695.10000000000002,21210.713888888888,695.10000000000002,23152.952777777773,695.10000000000002,22275.905555555553,695.10000000000002,17067.608333333334
695.89999999999998,21464.658333333329,695.89999999999998,23333.619444444441,695.89999999999998,22483.405555555553,695.89999999999998,17228.052777777775
696.60000000000002,21625.991666666665,696.60000000000002,23436.008333333331,696.60000000000002,22670.850000000002,696.60000000000002,17371.163888888888
697.39999999999998,21752.602777777778,697.39999999999998,23488.286111111112,697.39999999999998,22821.350000000002,697.39999999999998,17470.774999999998
698.10000000000002,21864.491666666669,698.10000000000002,23504.619444444445,698.10000000000002,22912.072222222225,698.10000000000002,17562.386111111115
698.89999999999998,21918.602777777778,698.89999999999998,23458.286111111112,698.89999999999998,22946.794444444444,698.89999999999998,17581.330555555556
699.60000000000002,22008.825000000001,699.60000000000002,23465.341666666664,699.60000000000002,23029.738888888893,699.60000000000002,17621.774999999998
700.39999999999998,22150.213888888888,700.39999999999998,23540.563888888883,700.39999999999998,23150.016666666666,700.39999999999998,17717.830555555553
701.10000000000002,22239.602777777778,701.10000000000002,23620.286111111109,701.10000000000002,23214.905555555557,701.10000000000002,17797.997222222217
701.89999999999998,22423.491666666669,701.89999999999998,23735.508333333331,701.89999999999998,23377.016666666666,701.89999999999998,17947.49722222222
702.60000000000002,22383.047222222227,702.60000000000002,23646.674999999999,702.60000000000002,23333.961111111115,702.60000000000002,17900.830555555553
703.39999999999998,22394.102777777782,703.39999999999998,23652.174999999999,703.39999999999998,23379.072222222225,703.39999999999998,17912.608333333334
704.10000000000002,22260.76944444445,704.10000000000002,23468.286111111109,704.10000000000002,23205.683333333334,704.10000000000002,17773.830555555556
704.89999999999998,22211.158333333336,704.89999999999998,23394.619444444441,704.89999999999998,23151.738888888885,704.89999999999998,17709.886111111111
705.60000000000002,22156.936111111117,705.60000000000002,23233.286111111109,705.60000000000002,23055.238888888893,705.60000000000002,17631.052777777779
706.39999999999998,22008.436111111117,706.39999999999998,23071.508333333331,706.39999999999998,22919.405555555553,706.39999999999998,17552.497222222224
707.20000000000005,21937.93611111111,707.20000000000005,22938.119444444445,707.20000000000005,22831.683333333334,707.20000000000005,17498.774999999998
708,21744.880555555555,708,22751.06388888889,708,22629.294444444444,708,17360.441666666666
708.79999999999995,21723.491666666669,708.79999999999995,22674.56388888889,708.79999999999995,22543.016666666666,708.79999999999995,17288.774999999998
709.60000000000002,21529.43611111111,709.60000000000002,22493.341666666664,709.60000000000002,22346.794444444444,709.60000000000002,17130.830555555556
710.5,21384.880555555555,710.5,22282.56388888889,710.5,22181.627777777776,710.5,16980.219444444443
711.29999999999995,21190.658333333329,711.29999999999995,22065.119444444445,711.29999999999995,22017.961111111112,711.29999999999995,16842.441666666666
712.10000000000002,20981.491666666669,712.10000000000002,21783.619444444445,712.10000000000002,21789.794444444444,712.10000000000002,16684.552777777775
712.89999999999998,20866.269444444446,712.89999999999998,21648.008333333331,712.89999999999998,21670.683333333334,712.89999999999998,16607.830555555556
713.79999999999995,20667.324999999997,713.79999999999995,21425.619444444441,713.79999999999995,21434.905555555557,713.79999999999995,16414.608333333334
714.60000000000002,20557.713888888888,714.60000000000002,21324.23055555555,714.60000000000002,21337.294444444447,714.60000000000002,16337.997222222222
715.39999999999998,20366.324999999997,715.39999999999998,21132.286111111109,715.39999999999998,21121.072222222225,715.39999999999998,16187.552777777777
716.29999999999995,20194.158333333336,716.29999999999995,20948.341666666664,716.29999999999995,20965.072222222225,716.29999999999995,16077.219444444445
717.10000000000002,20046.93611111111,717.10000000000002,20754.730555555554,717.10000000000002,20797.905555555557,717.10000000000002,15947.441666666666
717.89999999999998,19876.713888888888,717.89999999999998,20543.06388888889,717.89999999999998,20614.572222222225,717.89999999999998,15815.830555555554
718.70000000000005,19712.824999999997,718.70000000000005,20365.841666666664,718.70000000000005,20477.905555555557,718.70000000000005,15696.830555555554
719.60000000000002,19520.547222222223,719.60000000000002,20199.06388888889,719.60000000000002,20308.627777777776,719.60000000000002,15579.99722222222
720.39999999999998,19367.93611111111,720.39999999999998,20019.897222222222,720.39999999999998,20160.183333333334,720.39999999999998,15467.219444444441
721.20000000000005,19267.547222222223,721.20000000000005,19925.119444444445,721.20000000000005,20046.516666666666,721.20000000000005,15435.219444444441
722.10000000000002,19147.602777777778,722.10000000000002,19750.619444444445,722.10000000000002,19864.905555555557,722.10000000000002,15316.052777777775
722.89999999999998,19046.158333333336,722.89999999999998,19628.619444444445,722.89999999999998,19760.405555555557,722.89999999999998,15199.886111111109
723.70000000000005,18840.102777777778,723.70000000000005,19425.174999999999,723.70000000000005,19573.294444444444,723.70000000000005,15041.886111111109
724.5,18658.658333333329,724.5,19248.786111111109,724.5,19427.127777777776,724.5,14945.330555555554
725.39999999999998,18507.491666666665,725.39999999999998,19116.619444444441,725.39999999999998,19281.461111111112,725.39999999999998,14876.386111111111
726.20000000000005,18388.158333333329,726.20000000000005,18942.286111111109,726.20000000000005,19118.794444444444,726.20000000000005,14752.608333333332
727,18292.491666666665,727,18826.508333333331,727,19012.794444444444,727,14651.552777777777
727.79999999999995,18120.602777777778,727.79999999999995,18650.341666666664,727.79999999999995,18839.405555555553,727.79999999999995,14543.552777777777
728.70000000000005,17936.213888888888,728.70000000000005,18461.619444444445,728.70000000000005,18654.683333333334,728.70000000000005,14429.108333333332
729.5,17735.825000000001,729.5,18261.786111111112,729.5,18482.516666666666,729.5,14309.775
730.29999999999995,17545.380555555555,730.29999999999995,18053.786111111109,730.29999999999995,18294.461111111115,730.29999999999995,14155.830555555556
731.20000000000005,17411.54722222222,731.20000000000005,17906.174999999999,731.20000000000005,18151.738888888893,731.20000000000005,14042.941666666666
732,17259.158333333333,732,17743.119444444441,732,17975.238888888893,732,13935.941666666666
732.79999999999995,17117.213888888891,732.79999999999995,17598.841666666664,732.79999999999995,17849.238888888893,732.79999999999995,13847.052777777777
733.60000000000002,16934.04722222222,733.60000000000002,17408.95277777778,733.60000000000002,17649.461111111115,733.60000000000002,13723.830555555556
734.5,16762.102777777778,734.5,17227.230555555554,734.5,17491.683333333334,734.5,13563.775
735.29999999999995,16580.602777777778,735.29999999999995,17028.06388888889,735.29999999999995,17252.072222222225,735.29999999999995,13435.441666666666
736.10000000000002,16404.213888888891,736.10000000000002,16855.230555555554,736.10000000000002,17080.238888888893,736.10000000000002,13315.386111111111
737,16196.102777777778,737,16644.008333333331,737,16850.127777777776,737,13170.441666666666
737.79999999999995,16043.047222222223,737.79999999999995,16473.674999999999,737.79999999999995,16691.794444444444,737.79999999999995,13059.886111111111
738.60000000000002,15951.491666666667,738.60000000000002,16342.952777777777,738.60000000000002,16586.627777777776,738.60000000000002,12966.386111111111
739.39999999999998,15897.547222222222,739.39999999999998,16281.39722222222,739.39999999999998,16509.850000000002,739.39999999999998,12924.219444444445
740.29999999999995,15785.936111111112,740.29999999999995,16162.619444444443,740.29999999999995,16401.850000000002,740.29999999999995,12831.330555555556
741.10000000000002,15673.658333333333,741.10000000000002,16063.897222222222,741.10000000000002,16266.016666666668,741.10000000000002,12757.330555555556
741.89999999999998,15528.991666666667,741.89999999999998,15905.230555555556,741.89999999999998,16107.85,741.89999999999998,12657.108333333332
742.70000000000005,15428.269444444444,742.70000000000005,15790.897222222222,742.70000000000005,15993.627777777778,742.70000000000005,12549.663888888887
743.60000000000002,15310.658333333333,743.60000000000002,15655.174999999997,743.60000000000002,15887.738888888889,743.60000000000002,12474.775
744.39999999999998,15263.713888888888,744.39999999999998,15600.619444444443,744.39999999999998,15852.294444444444,744.39999999999998,12424.108333333332
745.20000000000005,15233.824999999999,745.20000000000005,15559.230555555552,745.20000000000005,15801.072222222223,745.20000000000005,12402.441666666666
746.10000000000002,15227.380555555554,746.10000000000002,15561.174999999997,746.10000000000002,15753.35,746.10000000000002,12369.99722222222
746.89999999999998,15198.602777777778,746.89999999999998,15531.008333333331,746.89999999999998,15686.405555555559,746.89999999999998,12354.663888888887
747.70000000000005,15178.324999999999,747.70000000000005,15517.841666666665,747.70000000000005,15689.516666666668,747.70000000000005,12352.163888888887
748.5,15136.547222222222,748.5,15457.452777777777,748.5,15658.016666666668,748.5,12370.663888888887
749.39999999999998,15102.824999999999,749.39999999999998,15418.341666666665,749.39999999999998,15639.683333333334,749.39999999999998,12348.330555555554
750.20000000000005,15063.436111111108,750.20000000000005,15390.174999999997,750.20000000000005,15612.961111111113,750.20000000000005,12345.441666666666
751,15076.880555555554,751,15361.174999999997,751,15588.85,751,12313.275
751.89999999999998,15082.602777777778,751.89999999999998,15315.730555555552,751.89999999999998,15569.072222222223,751.89999999999998,12312.275
752.70000000000005,15105.047222222222,752.70000000000005,15325.841666666665,752.70000000000005,15565.961111111113,752.70000000000005,12320.219444444445
753.5,15131.158333333333,753.5,15385.230555555552,753.5,15637.961111111113,753.5,12379.330555555554
754.29999999999995,15191.991666666667,754.29999999999995,15468.841666666665,754.29999999999995,15696.072222222225,754.29999999999995,12434.608333333332
755.20000000000005,15243.102777777778,755.20000000000005,15523.063888888886,755.20000000000005,15741.62777777778,755.20000000000005,12477.99722222222
756,15258.824999999999,756,15518.063888888886,756,15744.961111111113,756,12471.163888888887
756.79999999999995,15285.380555555554,756.79999999999995,15545.730555555552,756.79999999999995,15773.794444444446,756.79999999999995,12512.552777777775
757.60000000000002,15287.658333333333,757.60000000000002,15528.341666666665,757.60000000000002,15778.62777777778,757.60000000000002,12514.108333333332
758.5,15296.547222222222,758.5,15545.286111111111,758.5,15782.35,758.5,12556.108333333332
759.29999999999995,15312.102777777776,759.29999999999995,15550.841666666665,759.29999999999995,15814.905555555555,759.29999999999995,12567.49722222222
760.10000000000002,15335.547222222222,760.10000000000002,15588.89722222222,760.10000000000002,15813.738888888889,760.10000000000002,12601.830555555554
761,15362.158333333333,761,15626.174999999997,761,15849.85,761,12628.830555555554
761.79999999999995,15374.547222222223,761.79999999999995,15669.063888888886,761.79999999999995,15865.738888888889,761.79999999999995,12666.386111111109
762.60000000000002,15389.936111111112,762.60000000000002,15711.674999999997,762.60000000000002,15910.016666666668,762.60000000000002,12677.941666666666
763.39999999999998,15460.658333333333,763.39999999999998,15773.397222222222,763.39999999999998,15967.572222222223,763.39999999999998,12703.052777777777
764.29999999999995,15457.324999999999,764.29999999999995,15754.841666666665,764.29999999999995,15959.794444444446,764.29999999999995,12682.275
765.10000000000002,15438.436111111112,765.10000000000002,15710.786111111111,765.10000000000002,15976.072222222223,765.10000000000002,12682.775
765.89999999999998,15367.991666666667,765.89999999999998,15638.341666666665,765.89999999999998,15914.461111111113,765.89999999999998,12646.163888888887
766.79999999999995,15379.047222222222,766.79999999999995,15661.286111111111,766.79999999999995,15946.85,766.79999999999995,12683.552777777777
767.60000000000002,15416.380555555554,767.60000000000002,15730.286111111111,767.60000000000002,15979.905555555559,767.60000000000002,12711.99722222222
768.39999999999998,15449.547222222222,768.39999999999998,15775.119444444443,768.39999999999998,16054.85,768.39999999999998,12743.49722222222
769.20000000000005,15427.324999999999,769.20000000000005,15772.674999999997,769.20000000000005,16050.572222222223,769.20000000000005,12726.275
770.10000000000002,15459.269444444444,770.10000000000002,15787.619444444441,770.10000000000002,16093.072222222223,770.10000000000002,12761.108333333332
770.89999999999998,15457.380555555554,770.89999999999998,15784.119444444441,770.89999999999998,16071.905555555555,770.89999999999998,12757.886111111109
771.70000000000005,15544.158333333333,771.70000000000005,15855.674999999997,771.70000000000005,16133.405555555555,771.70000000000005,12786.49722222222
772.5,15535.380555555554,772.5,15801.563888888888,772.5,16072.016666666668,772.5,12776.441666666666
773.39999999999998,15591.991666666667,773.39999999999998,15868.619444444443,773.39999999999998,16153.072222222223,773.39999999999998,12824.608333333332
774.20000000000005,15591.047222222223,774.20000000000005,15851.008333333331,774.20000000000005,16168.961111111113,774.20000000000005,12876.49722222222
775,15619.380555555554,775,15897.508333333331,775,16225.461111111113,775,12897.108333333332
775.89999999999998,15650.769444444444,775.89999999999998,15928.174999999997,775.89999999999998,16242.572222222223,775.89999999999998,12928.830555555554
776.70000000000005,15764.102777777778,776.70000000000005,16078.89722222222,776.70000000000005,16360.96111111111,776.70000000000005,12997.219444444445
777.5,15796.602777777778,777.5,16128.619444444441,777.5,16411.961111111112,777.5,13065.663888888887
778.29999999999995,15924.602777777778,778.29999999999995,16262.674999999997,778.29999999999995,16551.961111111112,778.29999999999995,13169.608333333332
779.20000000000005,15930.102777777778,779.20000000000005,16240.008333333331,779.20000000000005,16562.183333333334,779.20000000000005,13178.99722222222
780,16045.602777777778,780,16379.008333333331,780,16679.294444444447,780,13244.608333333332
780.79999999999995,16042.436111111112,780.79999999999995,16386.063888888886,780.79999999999995,16673.794444444447,780.79999999999995,13249.49722222222
781.70000000000005,16063.491666666667,781.70000000000005,16414.897222222218,781.70000000000005,16705.072222222225,781.70000000000005,13302.441666666666
782.5,16055.936111111112,782.5,16363.452777777775,782.5,16679.850000000002,782.5,13307.108333333332
783.29999999999995,16149.880555555557,783.29999999999995,16434.508333333331,783.29999999999995,16802.683333333334,783.29999999999995,13375.886111111111
784.10000000000002,16227.602777777778,784.10000000000002,16519.397222222222,784.10000000000002,16892.405555555557,784.10000000000002,13427.99722222222
785,16363.991666666667,785,16680.230555555554,785,17038.405555555557,785,13522.886111111109
785.79999999999995,16449.54722222222,785.79999999999995,16759.119444444441,785.79999999999995,17104.294444444444,785.79999999999995,13622.219444444441
786.60000000000002,16507.54722222222,786.60000000000002,16808.452777777773,786.60000000000002,17148.294444444444,786.60000000000002,13673.441666666666
787.39999999999998,16553.769444444446,787.39999999999998,16837.119444444441,787.39999999999998,17221.738888888893,787.39999999999998,13743.386111111111
788.29999999999995,16495.658333333336,788.29999999999995,16771.06388888889,788.29999999999995,17141.016666666666,788.29999999999995,13684.608333333332
789.10000000000002,16496.825000000001,789.10000000000002,16746.341666666664,789.10000000000002,17114.850000000002,789.10000000000002,13670.552777777775
789.89999999999998,16435.991666666669,789.89999999999998,16647.119444444445,789.89999999999998,17004.572222222225,789.89999999999998,13603.108333333332
790.79999999999995,16431.04722222222,790.79999999999995,16611.230555555554,790.79999999999995,17011.683333333334,790.79999999999995,13581.663888888887
791.60000000000002,16346.824999999999,791.60000000000002,16514.786111111109,791.60000000000002,16918.461111111112,791.60000000000002,13531.552777777777
792.39999999999998,16337.602777777778,792.39999999999998,16550.397222222218,792.39999999999998,16947.072222222225,792.39999999999998,13564.608333333332
793.20000000000005,16225.713888888888,793.20000000000005,16490.230555555554,793.20000000000005,16833.683333333334,793.20000000000005,13521.386111111111
794.10000000000002,16253.047222222222,794.10000000000002,16545.786111111109,794.10000000000002,16895.572222222225,794.10000000000002,13552.552777777777
794.89999999999998,16113.602777777776,794.89999999999998,16408.341666666664,794.89999999999998,16761.794444444444,794.89999999999998,13452.49722222222
795.70000000000005,16100.158333333333,795.70000000000005,16340.674999999997,795.70000000000005,16725.572222222225,795.70000000000005,13443.108333333332
796.60000000000002,16003.880555555554,796.60000000000002,16177.89722222222,796.60000000000002,16582.572222222225,796.60000000000002,13364.052777777775
797.39999999999998,15981.936111111112,797.39999999999998,16085.286111111107,797.39999999999998,16482.461111111112,797.39999999999998,13304.219444444441
798.20000000000005,15860.713888888888,798.20000000000005,15959.674999999997,798.20000000000005,16399.072222222225,798.20000000000005,13194.99722222222
799,15779.047222222222,799,15903.174999999997,799,16309.294444444446,799,13121.275
799.89999999999998,15697.047222222222,799.89999999999998,15844.119444444441,799.89999999999998,16269.238888888891,799.89999999999998,13075.275
800.70000000000005,15697.380555555554,800.70000000000005,15846.008333333331,800.70000000000005,16233.35,800.70000000000005,13064.052777777775
801.5,15704.380555555554,801.5,15869.674999999997,801.5,16246.294444444446,801.5,13063.941666666666
802.29999999999995,15659.380555555554,802.29999999999995,15817.619444444443,802.29999999999995,16189.461111111113,802.29999999999995,13025.719444444441
803.20000000000005,15677.880555555554,803.20000000000005,15852.341666666665,803.20000000000005,16235.961111111113,803.20000000000005,13062.275
804,15560.380555555554,804,15705.397222222222,804,16147.183333333334,804,12994.719444444445
804.79999999999995,15504.380555555554,804.79999999999995,15658.619444444443,804.79999999999995,16089.461111111113,804.79999999999995,12959.608333333332
805.70000000000005,15299.547222222222,805.70000000000005,15436.286111111111,805.70000000000005,15870.405555555555,805.70000000000005,12797.552777777775
806.5,15185.936111111112,806.5,15331.39722222222,806.5,15730.016666666668,806.5,12692.441666666666
807.29999999999995,15049.269444444444,807.29999999999995,15166.174999999997,807.29999999999995,15584.794444444444,807.29999999999995,12575.330555555554
808.10000000000002,14983.047222222222,808.10000000000002,15100.952777777777,808.10000000000002,15493.405555555555,808.10000000000002,12521.49722222222
809,14899.324999999999,809,15008.730555555556,809,15387.12777777778,809,12459.775
809.79999999999995,14813.380555555554,809.79999999999995,14957.952777777777,809.79999999999995,15304.572222222225,809.79999999999995,12403.830555555554
810.60000000000002,14752.491666666667,810.60000000000002,14852.063888888886,810.60000000000002,15235.683333333334,810.60000000000002,12348.99722222222
811.5,14651.158333333333,811.5,14721.730555555552,811.5,15141.405555555559,811.5,12256.941666666666
812.29999999999995,14557.602777777778,812.29999999999995,14590.39722222222,812.29999999999995,15037.683333333334,812.29999999999995,12163.719444444445
813.10000000000002,14403.213888888888,813.10000000000002,14451.508333333331,813.10000000000002,14861.627777777778,813.10000000000002,12013.830555555556
813.89999999999998,14251.436111111112,813.89999999999998,14316.341666666665,813.89999999999998,14715.572222222223,813.89999999999998,11892.386111111111
814.79999999999995,14090.269444444444,814.79999999999995,14156.452777777777,814.79999999999995,14525.572222222223,814.79999999999995,11765.830555555554
815.60000000000002,13937.824999999999,815.60000000000002,14027.508333333331,815.60000000000002,14401.238888888889,815.60000000000002,11666.49722222222
816.39999999999998,13758.713888888888,816.39999999999998,13854.39722222222,816.39999999999998,14216.35,816.39999999999998,11546.386111111109
817.20000000000005,13655.769444444444,817.20000000000005,13755.452777777775,817.20000000000005,14108.35,817.20000000000005,11450.330555555554
818.10000000000002,13539.380555555554,818.10000000000002,13630.286111111107,818.10000000000002,13960.072222222223,818.10000000000002,11372.219444444441
818.89999999999998,13486.824999999999,818.89999999999998,13573.730555555552,818.89999999999998,13897.794444444446,818.89999999999998,11330.830555555554
819.70000000000005,13436.602777777778,819.70000000000005,13473.730555555552,819.70000000000005,13821.35,819.70000000000005,11268.719444444441
820.60000000000002,13327.213888888888,820.60000000000002,13337.508333333331,820.60000000000002,13740.12777777778,820.60000000000002,11179.275
821.39999999999998,13242.880555555557,821.39999999999998,13244.674999999997,821.39999999999998,13639.072222222223,821.39999999999998,11120.552777777777
822.20000000000005,13091.824999999999,822.20000000000005,13084.341666666665,822.20000000000005,13468.294444444444,822.20000000000005,11015.552777777777
823,12989.824999999999,823,12981.786111111111,823,13323.35,823,10917.219444444445
823.89999999999998,12818.324999999999,823.89999999999998,12813.952777777777,823.89999999999998,13163.85,823.89999999999998,10780.830555555554
824.70000000000005,12674.713888888889,824.70000000000005,12726.397222222222,824.70000000000005,13043.794444444446,824.70000000000005,10677.386111111111
825.5,12518.324999999999,825.5,12586.452777777777,825.5,12897.683333333334,825.5,10584.330555555554
826.39999999999998,12401.158333333333,826.39999999999998,12441.952777777777,826.39999999999998,12760.961111111113,826.39999999999998,10482.608333333332
827.20000000000005,12272.602777777778,827.20000000000005,12269.952777777777,827.20000000000005,12632.016666666668,827.20000000000005,10381.497222222222
828,12154.880555555554,828,12129.786111111111,828,12465.85,828,10253.830555555556
828.79999999999995,12083.658333333333,828.79999999999995,12038.119444444443,828.79999999999995,12366.905555555555,828.79999999999995,10168.552777777779
829.70000000000005,11990.658333333333,829.70000000000005,11961.730555555552,829.70000000000005,12248.072222222223,829.70000000000005,10074.052777777777
830.5,11877.658333333333,830.5,11848.174999999997,830.5,12150.46111111111,830.5,9989.5527777777788
831.29999999999995,11684.047222222222,831.29999999999995,11690.286111111111,831.29999999999995,11981.516666666668,831.29999999999995,9847.9416666666675
832.20000000000005,11483.658333333333,832.20000000000005,11481.341666666665,832.20000000000005,11809.85,832.20000000000005,9730.2749999999996
833,11290.769444444444,833,11276.730555555556,833,11628.62777777778,833,9596.2749999999996
833.89999999999998,11114.602777777778,833.89999999999998,11089.952777777777,833.89999999999998,11443.016666666668,833.89999999999998,9458.1638888888901
834.70000000000005,10973.991666666667,834.70000000000005,10918.952777777777,834.70000000000005,11251.794444444446,834.70000000000005,9321.8861111111128
835.60000000000002,10832.213888888888,835.60000000000002,10788.952777777777,835.60000000000002,11096.85,835.60000000000002,9207.0527777777788
836.5,10701.991666666667,836.5,10644.063888888888,836.5,10974.072222222223,836.5,9097.052777777777
837.29999999999995,10579.713888888888,837.29999999999995,10523.730555555556,837.29999999999995,10845.127777777778,837.29999999999995,8996.1638888888901
838.20000000000005,10468.824999999999,838.20000000000005,10414.452777777778,838.20000000000005,10735.683333333334,838.20000000000005,8904.9972222222223
839.10000000000002,10392.713888888889,839.10000000000002,10349.841666666667,839.10000000000002,10638.238888888891,839.10000000000002,8848.5527777777788
839.89999999999998,10298.547222222223,839.89999999999998,10300.508333333333,839.89999999999998,10601.461111111113,839.89999999999998,8793.4972222222223
840.79999999999995,10201.658333333333,840.79999999999995,10204.452777777777,840.79999999999995,10517.072222222223,840.79999999999995,8715.8305555555544
841.70000000000005,10101.602777777778,841.70000000000005,10096.341666666667,841.70000000000005,10420.683333333334,841.70000000000005,8654.1638888888883
842.5,10017.602777777778,842.5,9983.063888888888,842.5,10316.238888888889,842.5,8579.3305555555562
843.39999999999998,9933.8805555555537,843.39999999999998,9896.6750000000011,843.39999999999998,10212.738888888889,843.39999999999998,8509.7194444444449
844.20000000000005,9815.4916666666668,844.20000000000005,9800.563888888888,844.20000000000005,10092.183333333334,844.20000000000005,8420.3861111111109
845.10000000000002,9716.2138888888876,845.10000000000002,9718.9527777777785,845.10000000000002,9977.9055555555551,845.10000000000002,8348.552777777777
846,9605.6583333333328,846,9606.6194444444463,846,9855.572222222223,846,8271.1083333333318
846.79999999999995,9528.7694444444442,846.79999999999995,9529.9527777777785,846.79999999999995,9809.1833333333343,846.79999999999995,8212.3861111111109
847.70000000000005,9445.1027777777781,847.70000000000005,9435.8972222222219,847.70000000000005,9736.6833333333343,847.70000000000005,8155.4416666666666
848.60000000000002,9416.1583333333328,848.60000000000002,9396.2861111111106,848.60000000000002,9706.3500000000004,848.60000000000002,8099.0527777777779
849.39999999999998,9371.5472222222215,849.39999999999998,9347.4527777777785,849.39999999999998,9634.8500000000004,849.39999999999998,8073.5527777777779
850.29999999999995,9313.0472222222215,850.29999999999995,9291.7861111111106,850.29999999999995,9571.072222222223,850.29999999999995,8019.4416666666666
851.20000000000005,9258.1027777777781,851.20000000000005,9239.6194444444427,851.20000000000005,9526.1277777777796,851.20000000000005,7994.6638888888883
852,9180.2694444444442,852,9140.8972222222219,852,9433.7944444444456,852,7907.2750000000005
852.89999999999998,9093.2138888888894,852.89999999999998,9057.063888888888,852.89999999999998,9342.6277777777796,852.89999999999998,7808.2750000000005
853.79999999999995,8981.2694444444442,853.79999999999995,8936.4527777777785,853.79999999999995,9242.8500000000004,853.79999999999995,7715.3861111111119
854.60000000000002,8886.7694444444442,854.60000000000002,8827.5083333333332,854.60000000000002,9149.4055555555551,854.60000000000002,7624.4416666666666
855.5,8794.1583333333328,855.5,8724.8416666666672,855.5,9053.2944444444456,855.5,7568.719444444444
856.29999999999995,8661.8249999999989,856.29999999999995,8617.563888888888,856.29999999999995,8934.0166666666682,856.29999999999995,7490.3305555555562
857.20000000000005,8548.1027777777781,857.20000000000005,8547.563888888888,857.20000000000005,8842.072222222223,857.20000000000005,7444.719444444444
858.10000000000002,8445.2138888888894,858.10000000000002,8450.2861111111124,858.10000000000002,8738.5166666666682,858.10000000000002,7392.8861111111109
858.89999999999998,8387.8249999999989,858.89999999999998,8393.0083333333332,858.89999999999998,8657.572222222223,858.89999999999998,7332.3305555555553
859.79999999999995,8327.6027777777781,859.79999999999995,8300.2861111111124,859.79999999999995,8562.2388888888891,859.79999999999995,7278.3861111111109
860.70000000000005,8249.8805555555555,860.70000000000005,8233.3972222222237,860.70000000000005,8494.9055555555551,860.70000000000005,7209.6083333333336
861.5,8190.0472222222206,861.5,8161.5083333333341,861.5,8422.4055555555551,861.5,7153.3305555555562
862.39999999999998,8110.3805555555555,862.39999999999998,8082.2861111111124,862.39999999999998,8362.8500000000004,862.39999999999998,7072.2750000000005
863.29999999999995,8035.8249999999998,863.29999999999995,8001.5083333333341,863.29999999999995,8281.2388888888909,863.29999999999995,7026.1638888888892
864.10000000000002,7942.9916666666659,864.10000000000002,7897.6750000000002,864.10000000000002,8190.1277777777786,864.10000000000002,6963.2194444444458
865,7865.9916666666659,865,7808.1750000000002,865,8092.6833333333343,865,6900.8861111111109
865.79999999999995,7776.2138888888885,865.79999999999995,7728.5083333333341,865.79999999999995,8004.5722222222239,865.79999999999995,6833.4972222222232
866.70000000000005,7689.6027777777781,866.70000000000005,7637.7305555555567,866.70000000000005,7911.3500000000013,866.70000000000005,6785.6083333333336
867.60000000000002,7605.1027777777781,867.60000000000002,7571.0638888888898,867.60000000000002,7843.5722222222221,867.60000000000002,6748.2750000000005
868.39999999999998,7536.9361111111111,868.39999999999998,7476.2861111111124,868.39999999999998,7761.7388888888891,868.39999999999998,6673.4416666666666
869.29999999999995,7484.9916666666659,869.29999999999995,7417.6194444444454,869.29999999999995,7687.4611111111117,869.29999999999995,6600.1638888888892
870.20000000000005,7426.3805555555555,870.20000000000005,7368.3416666666672,870.20000000000005,7589.9055555555569,870.20000000000005,6546.0527777777788
871,7382.7138888888885,871,7336.1194444444445,871,7529.3500000000013,871,6509.719444444444
871.89999999999998,7329.4916666666659,871.89999999999998,7313.4527777777776,871.89999999999998,7496.73888888889,871.89999999999998,6493.7750000000005
872.79999999999995,7311.1583333333328,872.79999999999995,7281.6750000000002,872.79999999999995,7472.8500000000013,872.79999999999995,6459.7750000000005
873.60000000000002,7283.4361111111102,873.60000000000002,7264.8972222222228,873.60000000000002,7440.2944444444465,873.60000000000002,6454.4972222222232
874.5,7249.3249999999998,874.5,7230.3416666666672,874.5,7391.23888888889,874.5,6413.7750000000005
875.39999999999998,7201.9361111111111,875.39999999999998,7194.0638888888898,875.39999999999998,7364.6833333333343,875.39999999999998,6388.8861111111109
876.20000000000005,7158.8249999999998,876.20000000000005,7132.2305555555567,876.20000000000005,7327.405555555556,876.20000000000005,6347.2750000000005
877.10000000000002,7120.8249999999998,877.10000000000002,7082.7861111111124,877.10000000000002,7289.0166666666673,877.10000000000002,6333.7750000000005
877.89999999999998,7072.7694444444451,877.89999999999998,7029.5083333333341,877.89999999999998,7214.405555555556,877.89999999999998,6284.1638888888892
878.79999999999995,7028.2694444444451,878.79999999999995,7000.9527777777776,878.79999999999995,7176.6833333333343,878.79999999999995,6247.1083333333336
879.70000000000005,6975.2694444444451,879.70000000000005,6945.0638888888889,879.70000000000005,7133.23888888889,879.70000000000005,6194.6083333333336
880.5,6938.9361111111111,880.5,6899.1194444444445,880.5,7103.9055555555569,880.5,6164.5527777777779
881.39999999999998,6910.9361111111111,881.39999999999998,6862.0638888888898,881.39999999999998,7074.4055555555569,881.39999999999998,6133.5527777777788
882.29999999999995,6899.9361111111111,882.29999999999995,6836.1750000000002,882.29999999999995,7041.4611111111126,882.29999999999995,6097.9416666666666
883.10000000000002,6880.4361111111111,883.10000000000002,6825.5083333333341,883.10000000000002,7023.23888888889,883.10000000000002,6071.5527777777779
884,6855.9361111111111,884,6812.7861111111115,884,6997.23888888889,884,6062.9416666666666
884.89999999999998,6827.6583333333328,884.89999999999998,6828.8416666666672,884.89999999999998,6986.8500000000013,884.89999999999998,6073.8861111111109
885.70000000000005,6827.4916666666659,885.70000000000005,6817.1194444444445,885.70000000000005,6976.5722222222239,885.70000000000005,6076.7750000000005
886.60000000000002,6804.6027777777772,886.60000000000002,6791.0638888888889,886.60000000000002,6958.4055555555569,886.60000000000002,6052.5527777777788
887.39999999999998,6807.7138888888885,887.39999999999998,6757.0638888888889,887.39999999999998,6944.6833333333343,887.39999999999998,6021.6638888888892
888.29999999999995,6774.7694444444451,888.29999999999995,6719.9527777777776,888.29999999999995,6914.5722222222239,888.29999999999995,5989.6638888888892
889.20000000000005,6770.7694444444451,889.20000000000005,6698.2305555555567,889.20000000000005,6891.23888888889,889.20000000000005,5964.219444444444
890,6754.1583333333328,890,6665.9527777777794,890,6859.8500000000013,890,5966.1638888888883
890.89999999999998,6719.3805555555546,890.89999999999998,6653.7861111111124,890.89999999999998,6834.9055555555569,890.89999999999998,5947.8305555555562
891.79999999999995,6672.1027777777772,891.79999999999995,6606.8416666666672,891.79999999999995,6786.1277777777786,891.79999999999995,5908.0527777777779
892.60000000000002,6621.6583333333328,892.60000000000002,6569.2305555555549,892.60000000000002,6745.2944444444447,892.60000000000002,5855.5527777777779
893.5,6597.7138888888885,893.5,6514.2305555555549,893.5,6716.0722222222239,893.5,5810.4416666666666
894.39999999999998,6576.4361111111102,894.39999999999998,6488.2305555555549,894.39999999999998,6694.5722222222239,894.39999999999998,5787.7750000000005
895.20000000000005,6556.6027777777772,895.20000000000005,6452.6750000000002,895.20000000000005,6673.8500000000013,895.20000000000005,5769.8305555555562
896.10000000000002,6536.9916666666659,896.10000000000002,6436.0083333333341,896.10000000000002,6644.405555555556,896.10000000000002,5747.1638888888892
897,6511.6583333333328,897,6434.6194444444454,897,6633.5722222222221,897,5723.3305555555562
897.79999999999995,6490.8249999999998,897.79999999999995,6437.8416666666672,897.79999999999995,6623.3500000000013,897.79999999999995,5695.1083333333336
898.70000000000005,6466.3805555555546,898.70000000000005,6436.6194444444445,898.70000000000005,6620.2388888888891,898.70000000000005,5685.5527777777779
899.5,6450.8805555555546,899.5,6398.3972222222219,899.5,6604.405555555556,899.5,5678.5527777777779
